Finess EJ;Année;Id Dépôt;Taux de CAF ERRD;Taux vétusté Autres immo ERRD;Taux vétusté Construction ERRD;Taux vétusté installations tech mat outil ERRD;Fonds de roulement net global ERRD
010008407;2016;177374;0.13548734436644624;0.34211036652307703;0.38845089702004892;0.2920060093914138;2206969.259999999800000000
010008407;2019;216495;-0.012266115563337794;0.88163838717654397;0.80906837452219427;0.88391463101187306;1057217.929999999900000000
010008407;2020;181987;0.12519374136642053;0.84428902406982842;0.56203591359317973;0.83964625066536214;3988284.410000000100000000
010008407;2021;153941;0.12519374136642053;0.84428902406982842;0.56203591359317973;0.83964625066536214;3988284.410000000100000000
