Finess EJ;Finess;Année;MS Résultat net comptable ERRD;Nombre ETP total réalisé ERRD;655 Quotes-parts de résultat sur opérations faites en commun;Dépenses Groupe I ERRD;Dépenses Groupe II ERRD;Dépenses Groupe III ERRD;Recettes Groupe I ERRD;Recettes Groupe II ERRD;Recettes Groupe III ERRD;Taux d'occupation des places autorisées en hébergement permanent;Taux d'occupation des lits autorisés en hébergement temporaire;Taux d'occupation des lits autorisés en accueil de jour;Type dépot ERRD;Taux d'occupation Externat Autres ESMS;Taux d'occupation Semi-internat Autres ESMS;Taux d'occupation Internat Autres ESMS;Taux d'occupation Autre 1, 2 et 3 Autres ESMS
010009132;010001436;2019;17223.710000000079162;16.43;;-90409.180000000007567;-742692.260000000009313;-39444.409999999996217;850229.680000000051223;38364.599999999998545;1175.279999999999973;;;;ERCP;1.000817111271329;;;
010009132;010001436;2020;10155.349999999860302;;;-81852.310000000012224;-808267.770000000135042;-37935.119999999995343;903953.35999999998603;34257.190000000002328;0;;;;ERCP;0.926075462629176;;;
010009132;010001436;2022;12423.320000000076107;15.799999999999999;;-114854.39000000001397;-865494.289999999920838;-54715.509999999994761;1005917.270000000018626;38867.459999999999127;2702.7800000000002;;;;ERCP;0.738503688092729;;;