Finess EJ;Finess;Année;MS Résultat net comptable CA PH;Taux de CAF CA PH;Taux vétusté Autres immo CA;Taux vétusté Construction CA;Taux vétusté installations tech mat outil CA;Nombre ETP total réalisé CA;MS Résultat net comptable CA PA;Charges CA PA;Produits CA PA;Recettes Groupe I CA;Recettes Groupe II CA;Recettes Groupe III CA;Dépenses Groupe I CA;Dépenses Groupe II CA;Dépenses Groupe III CA;Taux d'occupation Externat CA;Taux d'occupation Semi-internat CA;Taux d'occupation Internat CA;Taux d'occupation Séances CA;Taux d'occupation Autre 1, 2 et 3 CA
010009132;010001436;2020;26381.929999999993;0.19712180128155909;0.80329108346830547;0.65788672445353691;0.82200365962091959;2.3200000000000003;;;;131977.72;3526.1799999999998;0;-490.49000000000001;-107665.03999999999;-966.43999999999994;;;;0.53732638888888884;
010009132;010001436;2019;8406.5800000000163;0.066362630459816441;;;;2.4299999999999997;;;;126461.21000000001;3208.0900000000001;0;-10032.379999999999;-106506.48;-4723.8599999999997;;;;0.796875;
010009132;010001436;2018;11252.660000000018;0.10410444232905089;;;;2.1699999999999999;;;;125345.63;2300.6999999999998;0;-11296.09;-100166.72;-4930.8599999999997;;;;0.79774305555555558;