Finess EJ;Finess;Année;Id Dépôt;MS Résultat net comptable ERRD;Nombre ETP total réalisé ERRD;655 Quotes-parts de résultat sur opérations faites en commun;Dépenses Groupe I ERRD;Dépenses Groupe II ERRD;Dépenses Groupe III ERRD;Recettes Groupe I ERRD;Recettes Groupe II ERRD;Recettes Groupe III ERRD;Taux d'occupation des places autorisées en hébergement permanent;Taux d'occupation des lits autorisés en hébergement temporaire;Taux d'occupation des lits autorisés en accueil de jour
010008407;010003598;2018;104836;3034.3799999998928;4.5499999999999998;-22312;-105389.53;-506251.12999999995;-88214.989999999991;628872.06999999995;46843.479999999996;27174.48;0.99779299847793002;0.93698630136986305;0.48012820512820514
010008407;010003598;2019;104836;7289.9200000003912;17.190000000000001;0;-161786;-1222576.5799999998;-8432.5499999999993;1376744.76;23340.290000000001;0;0.93245060949978986;0.25136612021857924;0.36153846153846153
010008407;010003598;2020;104836;28544.479989999854;50.649999999999991;0;-85102.530010000002;-442475.08000000007;-9134.2200000000012;543015.84999999998;9410.4599999999991;12830;0.99023972602739729;0.75890410958904109;0.33974358974358976
010008407;010003598;2021;104836;28544.479989999854;188.49999999999997;0;-85102.530010000002;-442475.08000000007;-9134.2200000000012;543015.84999999998;9410.4599999999991;12830;0.99023972602739729;0.75890410958904109;0.33974358974358976
010008407;010786259;2018;215910;58726.620000000345;55.249999999999993;;-582311.22000000009;-2633723.79;-669962.28000000003;3737535;102202.93000000001;104985.98;0.99532241897761442;1.0972602739726027;0.84863013698630141
010008407;010786259;2018;215910;58726.620000000345;142.06;;-582311.22000000009;-2633723.79;-669962.28000000003;3737535;102202.93000000001;104985.98;0.3;0.9;1.2
010008407;111111111;2020;203061;;;;;;;;;;0.84710031990812895;0.13972602739726028;0.18106060606060606
010008407;010789717;2019;165320;;;;;;;;;;;0.81369863013698629;
